Transactie datum;Bedrag bij;Bedrag af;Omschrijving
01-07-2025;0.60;;80001702 KNAB juni 2025
01-08-2025;0.90;;80001702 KNAB Kosten betaalverzoek juli 2025 Aan dit overzicht kunnen geen rechten worden ontleend. Het overzicht is zor
01-09-2025;0.60;;80001702 KNAB Kosten betaalverzoek augustus 2025
01-09-2025;;2.95;bedrijfsrest. 2461 BARENDRECHT 09:59 Pas: 2779
01-09-2025;;2.99;BCK*SHELL DIERENSTEINW BARENDRECHT 18:04 Pas: 2779
01-09-2025;;3.00;CCV*Van Lieshout & Van MONTFOORT 12:44 Pas: 2779
01-09-2025;150.00;;D. Ramasray Salaris 1. Aan dit overzicht kunnen geen rechten worden ontleend. Het overzicht is zorgvuldig samengesteld m
01-09-2025;337.50;;Rijschool Mado B.V. RD2025005 2.
01-09-2025;;450.00;60010259 KNAB 10x driving lessons van S ZHU
01-10-2025;1.20;;80001702 KNAB Kosten betaalverzoek sep 2025
01-10-2025;300.00;;Delfia Banden PIJNACKER 10:48 Pas: 2779
01-10-2025;375.00;;60010259 KNAB examen Tvp van Hr H Raghoedat Panday
01-12-2025;2.00;;NYX*VendingWork Groningen 13:45 Pas: 2779
01-12-2025;2.70;;80001702 KNAB Kosten betaalverzoek november 2025
01-12-2025;;3.15;BP Bolnes RIDDERKERK 11:09 Pas: 2779
01-12-2025;;6.95;BP BARENDRECHT BARENDRECHT 16:06 Pas: 2779
01-12-2025;;55.43;Tango Capelle/IJ CAPELLE AAN 12:51 Pas: 2779
01-12-2025;100.00;;D. Ramasray
01-12-2025;225.00;;D. Ramasray
01-12-2025;359.00;;100. Geslaagd B.V. Factuurnummer RD2025012 2.
01-12-2025;450.00;;Rijschool Nishant B.V. RD2025010
01-12-2025;500.00;;D. Ramasray
02-05-2025;2.00;;80000208 Knab Pakketkosten
02-06-2025;;0.70;CCV*Klepierre Manageme ROTTERDAM 16:09 Pas: 2779
02-06-2025;1.20;;80001702 KNAB Kosten betaalverzoek mei 2025
02-06-2025;23.00;;Loogman Carwash B.V. CAPELLE AAN 12:11 Pas: 2779
02-06-2025;50.00;;TINQ CAPELLE AD IJSSEL CAPELLE AD Y 11:59 Pas: 2779
02-06-2025;;475.00;60010259 KNAB 10x driving lessons van H MAZHAR Aan dit overzicht kunnen geen rechten worden ontleend. Het overzicht is z
02-10-2025;2.00;;NYX*GOTOvending Capelleaande 12:29 Pas: 2779
02-12-2025;;46.35;Tango Capelle/IJ CAPELLE AAN 12:20 Pas: 2779
02-12-2025;332.50;;60010259 KNAB Thomas 7 x rijles auto van M. Thomassen-Velth uizen eo J.H.C.G. Thomassen
03-06-2025;;30.02;Tango Capelle/IJ CAPELLE AAN 14:38 Pas: 2779
03-07-2025;30.04;;TINQ CAPELLE AD IJSSEL CAPELLE AD Y 11:18 Pas: 2779
03-09-2025;;2.00;BP BARENDRECHT BARENDRECHT 19:29 Pas: 2779
03-09-2025;;3.25;BP Barendrecht BARENDRECHT 19:27 Pas: 2779
03-09-2025;;44.36;CCV*LUKOIL CAPELLE AD CAPELLE AD Y 16:39 Pas: 2779
03-09-2025;225.00;;D. Ramasray Salaris
03-10-2025;;2.95;bedrijfsrest. 2461 BARENDRECHT 10:58 Pas: 2779
03-10-2025;;51.48;Tango Capelle/IJ CAPELLE AAN 16:23 Pas: 2779
03-10-2025;338.70;;PAY.nl*Rijschool Mado CAPELLE AAN 16:15 Pas: 2779
03-10-2025;375.00;;60010259 KNAB taxi examen 5 november van K KADER
03-11-2025;;3.10;BP Bolnes RIDDERKERK 12:38 Pas: 2779
03-11-2025;;3.10;BP Bolnes RIDDERKERK 12:39 Pas: 2779
03-11-2025;3.60;;80001702 KNAB Kosten betaalverzoek okt 2025
03-11-2025;;50.01;Tango Capelle/IJ CAPELLE AAN 13:28 Pas: 2779
03-11-2025;60.98;;De Haan Pijnacker PYNACKER 09:40 Pas: 2779
03-12-2025;125.00;;60010259 KNAB 2x rijlessen taxi van T BAGCI Aan dit overzicht kunnen geen rechten worden ontleend. Het overzicht is zorg
03-12-2025;338.70;;PAY.nl*Rijschool Mado CAPELLE AAN 17:02 Pas: 2779
03-12-2025;375.00;;60010259 KNAB her examen 23 december van T BAGCI
04-06-2025;;50.07;CCV*LUKOIL CAPELLE AD CAPELLE AD Y 12:02 Pas: 2779
04-08-2025;150.00;;D. Ramasray Salaris
04-09-2025;2.70;;NYX*GOTOvending Capelleaande 16:24 Pas: 2779
04-09-2025;332.50;;60010259 KNAB Meijndert 7 x rijles van P. Meijndert
04-11-2025;726.00;;Rijschool Nishant B.V. via ING Zake Factuur202500112-202500100-20250008 Rijsc hool Nishant B.V.
04-12-2025;;3.15;BP Bolnes RIDDERKERK 13:37 Pas: 2779
05-09-2025;;3.25;BP Barendrecht BARENDRECHT 10:02 Pas: 2779
05-09-2025;5.30;;TOTAL NN001829 BERKEL BERKEL EN RO 15:58 Pas: 2779
05-11-2025;18.75;;60010259 KNAB restant van K KADER
05-11-2025;44.41;;ARGOS BARENDRECHT BARENDRECHT 09:09 Pas: 2779 Aan dit overzicht kunnen geen rechten worden ontleend. Het overzicht is zo
05-11-2025;156.25;;60010259 KNAB 1,5 uur les en Autohuur examen van K KADER
05-12-2025;0.75;;Parkeren Hema ROTTERDAM 17:32 Pas: 2779
05-12-2025;;56.73;CCV*BP EXPRESS HOOGVLI HOOGVLIET RT 14:49 Pas: 2779
06-08-2025;54.58;;TINQ CAPELLE AD IJSSEL CAPELLE AD Y 14:51 Pas: 2779
06-08-2025;475.00;;60010259 Knab betaalverzoek 10x rijlessen van Hr M Buijsman
06-10-2025;;5.40;BP BARENDRECHT BARENDRECHT 14:59 Pas: 2779
06-10-2025;;54.95;BCK*Shell Pijnacker PIJNACKER 13:54 Pas: 2779
07-05-2025;;450.00;60010259 Knab betaalverzoek Betaalverzoek Julia lureva 10x driving lessons v an Mw IP Iureva, 52407182030X23e9
07-07-2025;39.99;;De Haan Pijnacker PYNACKER 08:50 Pas: 2779
07-07-2025;65.00;;TINQ CAPELLE AD IJSSEL CAPELLE AD Y 13:14 Pas: 2779
07-08-2025;14.50;;BCK*McDonalds Hoofdweg CAPELLE AAN 23:02 Pas: 2779
07-10-2025;320.00;;60010259 KNAB rijlessen van Mw GA van Glaanen Weygel
07-10-2025;465.00;;Rijschool Mado B.V. RD2025007 2.
08-05-2025;2.00;;80000208 KNAB Correctie Pakketkosten
08-05-2025;;50.01;Shell Capelle a/d Ijss CAPELLE AAN 12:02 Pas: 2779
08-07-2025;;7.40;bedrijfsrest. 2461 BARENDRECHT 13:16 Pas: 2779
08-08-2025;;53.04;Tango Capelle/IJ CAPELLE AAN 16:48 Pas: 2779
08-09-2025;43.77;;HAAN CAPELLE CAPELLE AAN 13:01 Pas: 2779
08-10-2025;;56.24;Tango Cap ad Ijssel CAPELLE AAN 10:43 Pas: 2779
08-12-2025;1.40;;NYX*VendingWork Groningen 13:29 Pas: 2779
08-12-2025;332.50;;60010259 KNAB 7 x rijlessen van P. Meijndert
08-12-2025;417.54;;Rijlescentrum/Mado Factuur nummer RD2025011 1.
08-12-2025;630.00;;Rijlescentrum/Mado Factuur nummerRD2025012
09-05-2025;;30.00;60010259 Knab betaalverzoek Betaalverzoek Satyam trial lessons 9 may van S PRASAD, 44801049033X112f
09-06-2025;;49.99;Tango Capelle/IJ CAPELLE AAN 12:27 Pas: 2779
09-10-2025;;3.75;BP Barendrecht BARENDRECHT 12:34 Pas: 2779 Aan dit overzicht kunnen geen rechten worden ontleend. Het overzicht is zorgv
09-10-2025;;6.10;bedrijfsrest. 2461 BARENDRECHT 14:43 Pas: 2779
09-10-2025;37.50;;60010259 KNAB van A DASGUPTA
09-12-2025;;52.88;Tango Capelle/IJ CAPELLE AAN 11:04 Pas: 2779
10-06-2025;32.24;;Berkman Energie Servic CAPELLE AAN 15:00 Pas: 2779
10-07-2025;51.45;;TINQ CAPELLE AD IJSSEL CAPELLE AD Y 10:40 Pas: 2779
10-09-2025;52.65;;BCK*AVIA Capelle CAPELLE AAN 16:52 Pas: 2779 Aan dit overzicht kunnen geen rechten worden ontleend. Het overzicht is zor
10-09-2025;209.85;;Rijlescentrum/Mado
10-10-2025;;57.75;Esso Rdam Stadionweg ROTTERDAM 09:44 Pas: 2779
10-11-2025;;3.15;BP Bolnes RIDDERKERK 13:19 Pas: 2779
10-11-2025;;58.36;Tango Cap ad Ijssel CAPELLE AAN 13:45 Pas: 2779
10-12-2025;0.00;;D. Ramasray 2.
10-12-2025;;2.35;BP BOLNES RIDDERKERK RIDDERKERK 14:00 Pas: 2779
10-12-2025;;3.15;BP Bolnes RIDDERKERK 13:58 Pas: 2779
10-12-2025;;4.24;BP BOLNES RIDDERKERK RIDDERKERK 13:57 Pas: 2779
10-12-2025;44.25;;Tamoil Rotterdam ROTTERDAM 16:15 Pas: 2779
10-12-2025;170.00;;Rijschool Mado B.V. RD2025013 Aan dit overzicht kunnen geen rechten worden ontleend. Het overzicht is zorgvuldig samenge
10-12-2025;530.00;;Rijschool Mado B.V. RD2025011 1.
11-06-2025;40.36;;BCK*AVIA Capelle CAPELLE AAN 15:20 Pas: 2779
11-08-2025;0.00;;D. Ramasray Salaris 2.
11-08-2025;56.99;;Total Nn001462 Pto Rotterdam 11:13 Pas: 2779
11-09-2025;20.12;;HAAN CAPELLE CAPELLE AAN 10:05 Pas: 2779
11-11-2025;;2.95;bedrijfsrest. 2461 BARENDRECHT 13:11 Pas: 2779
11-11-2025;29.84;;ARGOS BARENDRECHT BARENDRECHT 12:07 Pas: 2779
11-12-2025;450.00;;60010259 KNAB 10x rijlessen van Mw CMJ Mase
11-12-2025;475.00;;60010259 KNAB taxi lessen van MMC Security
12-05-2025;391.16;;D. Ramasray Motor kleding
12-08-2025;190.00;;60010259 Knab betaalverzoek 4x rijles van S. Singh
12-08-2025;359.94;;Rijschool Mado B.V. RD2025004 1.
12-08-2025;700.00;;D. Ramasray Salaris
12-12-2025;55.24;;TINQ CAPELLE AD IJSSEL CAPELLE AD Y 15:24 Pas: 2779
13-05-2025;;6.10;bedrijfsrest. 2461 BARENDRECHT 14:11 Pas: 2779
13-06-2025;;3.10;bedrijfsrest. 2461 BARENDRECHT 08:14 Pas: 2779
13-06-2025;45.00;;60010259 Knab betaalverzoek rijles 13 juni van Mw LC Batista
13-08-2025;;6.10;bedrijfsrest. 2461 BARENDRECHT 14:08 Pas: 2779
13-08-2025;44.90;;TINQ CAPELLE AD IJSSEL CAPELLE AD Y 15:21 Pas: 2779
13-10-2025;;55.31;Tango Cap ad Ijssel CAPELLE AAN 14:16 Pas: 2779
13-10-2025;95.00;;Bhattoe via Tikkie Pascale
13-10-2025;750.00;;D. Ramasray Salaris 1.
13-11-2025;2.25;;P-Shopping Center ROTTERDAM 16:24 Pas: 2779
13-11-2025;56.03;;Makro DFT Tanken DELFT 13:24 Pas: 2779
13-11-2025;250.00;;D. Ramasray
14-07-2025;1.00;;Haan Pijnacker PYNACKER 19:28 Pas: 2779
14-07-2025;46.44;;TINQ CAPELLE AD IJSSEL CAPELLE AD Y 13:49 Pas: 2779
14-07-2025;57.50;;De Haan Pijnacker PYNACKER 19:14 Pas: 2779 Aan dit overzicht kunnen geen rechten worden ontleend. Het overzicht is zorgv
14-10-2025;;2.55;bedrijfsrest. 2461 BARENDRECHT 14:14 Pas: 2779
14-10-2025;54.16;;BCK*AVIA Capelle CAPELLE AAN 19:50 Pas: 2779
14-10-2025;338.70;;PAY.nl*Rijschool Mado CAPELLE AAN 17:22 Pas: 2779
14-10-2025;338.70;;PAY.nl*Rijschool Mado CAPELLE AAN 17:26 Pas: 2779
15-04-2025;1.00;;Hr D Ramasray Test
15-04-2025;771.25;;Rijlescentrum/Mado , Factuur nummer R
15-07-2025;;6.10;bedrijfsrest. 2461 BARENDRECHT 13:23 Pas: 2779
15-08-2025;2.06;;Parkeren Hema ROTTERDAM 15:09 Pas: 2779
15-08-2025;63.88;;De Haan Pijnacker PYNACKER 18:53 Pas: 2779
15-09-2025;;3.25;BP Barendrecht BARENDRECHT 15:58 Pas: 2779
15-10-2025;332.50;;60010259 KNAB 7x rijlessen van P. Meijndert
15-10-2025;375.00;;60010259 KNAB examen Tvp van Hr Z Abad
15-10-2025;380.00;;60010259 KNAB 8x rijles van Hr M Buijsman
15-10-2025;982.50;;60010259 KNAB 14x rijlessen en examen van M. Thomassen-Vel thuizen eo J.H.C.G. Thomassen
15-12-2025;175.00;;60010259 KNAB taxi lessen van Hr Z Abad
16-04-2025;;29.74;CCV*Kilinclar Automate RIDDERKERK 14:13 Pas: 2779
16-05-2025;;6.74;BP BARENDRECHT BARENDRECHT 14:35 Pas: 2779 Aan dit overzicht kunnen geen rechten worden ontleend. Het overzicht is zorgv
16-06-2025;;55.02;Tango Capelle/IJ CAPELLE AAN 10:04 Pas: 2779
16-07-2025;35.04;;OK Zoetermeer ZOETERMEER 12:39 Pas: 2779
16-07-2025;445.00;;Rijschool Mado B.V. RD2025002 1.
16-09-2025;30.34;;De Haan Pijnacker PYNACKER 09:26 Pas: 2779
16-09-2025;615.00;;Rijschool Mado B.V. RD2025006 1.
16-10-2025;;2.95;bedrijfsrest. 2461 BARENDRECHT 11:52 Pas: 2779
16-10-2025;;43.22;Tango Cap ad Yssel CAPELLE AAN 10:36 Pas: 2779 Aan dit overzicht kunnen geen rechten worden ontleend. Het overzicht is z
17-04-2025;;6.10;bedrijfsrest. 2461 BARENDRECHT 09:05 Pas: 2779
17-07-2025;242.00;;Rijschool Nishant B.V. via ING Zake Factuur 202500058 Rijschool Nishant B.V.
17-07-2025;;450.00;60010259 Knab betaalverzoek mazar 10x driving lessons van H MAZHAR
17-09-2025;2.70;;NYX*GOTOvending Capelleaande 17:27 Pas: 2779
17-09-2025;3.75;;BCK*Shoppoint B.V. Zoetermeer 14:46 Pas: 2779
17-09-2025;3.75;;BCK*Shoppoint B.V. Zoetermeer 14:46 Pas: 2779
17-09-2025;63.12;;OK Zoetermeer ZOETERMEER 14:51 Pas: 2779
17-09-2025;;450.00;60010259 Knab betaalverzoek 10x driving lessons van H MAZHAR
17-10-2025;;2.95;bedrijfsrest. 2461 BARENDRECHT 14:40 Pas: 2779
17-10-2025;;450.00;60010259 KNAB 10x driving lessons van S ZHU
17-11-2025;;3.25;BP Barendrecht BARENDRECHT 11:11 Pas: 2779
17-11-2025;;50.17;Tango Capelle/IJ CAPELLE AAN 17:03 Pas: 2779
17-11-2025;250.00;;D. Ramasray
17-11-2025;300.00;;D. Ramasray 1.
17-11-2025;475.00;;60010259 KNAB Glaanen 10 x rijlessen van Mw GA van Glaanen Weygel
17-12-2025;42.59;;TINQ CAPELLE AD IJSSEL CAPELLE AD Y 14:27 Pas: 2779
18-06-2025;31.01;;OK Rotterdam HS ROTTERDAM 10:45 Pas: 2779
18-07-2025;;30.00;Tango Capelle/IJ CAPELLE AAN 10:40 Pas: 2779
18-09-2025;;2.14;BP BARENDRECHT BARENDRECHT 14:29 Pas: 2779
18-09-2025;3.00;;NYX*GOTOvending Capelleaande 09:15 Pas: 2779
18-09-2025;;3.25;BP Barendrecht BARENDRECHT 14:26 Pas: 2779
18-09-2025;;6.35;BP BARENDRECHT BARENDRECHT 14:25 Pas: 2779
18-11-2025;;3.75;BP Bolnes RIDDERKERK 12:56 Pas: 2779
19-05-2025;;50.01;Tango Cap ad Yssel CAPELLE AAN 09:15 Pas: 2779
19-05-2025;450.00;;60010259 Knab betaalverzoek Betaalverzoek Luca meijndert 10 x rijlessen aut omaat van P. Meijndert, 44401144050X116b
19-08-2025;;2.95;bedrijfsrest. 2461 BARENDRECHT 15:10 Pas: 2779 Aan dit overzicht kunnen geen rechten worden ontleend. Het overzicht is z
19-08-2025;;6.13;Tango Capelle/IJ CAPELLE AAN 12:20 Pas: 2779
19-08-2025;6.24;;Total Nn001462 Pto Rotterdam 14:32 Pas: 2779
19-09-2025;23.00;;Loogman Carwash B.V. CAPELLE AAN 14:20 Pas: 2779 Aan dit overzicht kunnen geen rechten worden ontleend. Het overzicht is
19-11-2025;25.10;;ARGOS BARENDRECHT BARENDRECHT 08:48 Pas: 2779
19-12-2025;;3.10;BP Bolnes RIDDERKERK 15:57 Pas: 2779
19-12-2025;;3.15;BP Bolnes RIDDERKERK 15:59 Pas: 2779
19-12-2025;56.09;;BCK*AVIA Capelle CAPELLE AAN 14:22 Pas: 2779
19-12-2025;450.00;;60010259 KNAB 10x rijlessen van S.M. Bergers
20-06-2025;;16.84;Tango Capelle/IJ CAPELLE AAN 12:41 Pas: 2779
20-06-2025;;40.00;SHELL MAANWEG S GRAVENHAGE 21:31 Pas: 2779
20-08-2025;;6.35;BP BARENDRECHT BARENDRECHT 14:33 Pas: 2779
20-08-2025;57.29;;De Haan Pijnacker PYNACKER 09:22 Pas: 2779
20-10-2025;1.40;;NYX*VendingWork Groningen 11:34 Pas: 2779
20-10-2025;50.00;;AKCAS-BANDEN ROTTERDAM 16:54 Pas: 2779
20-10-2025;53.96;;TINQ CAPELLE AD IJSSEL CAPELLE AD Y 13:34 Pas: 2779
20-10-2025;107.09;;Hero Sign via Stichting Mollie Paym Order 14830 dakborden.com Hero Sign
20-10-2025;617.50;;60010259 KNAB 13x rijlessen van S. Singh
20-10-2025;;617.50;60010259 KNAB 13x driving lessons van H MAZHAR
20-10-2025;760.00;;Rijlescentrum/Mado Factuur nummer RD2025008
20-11-2025;58.91;;Berkman Schiedam SCHIEDAM 09:46 Pas: 2779
20-11-2025;150.00;;D. Ramasray
20-11-2025;450.00;;60010259 KNAB Edan 10x rijles van P.G.E. Edam Aan dit overzicht kunnen geen rechten worden ontleend. Het overzicht is zo
21-05-2025;;2.95;bedrijfsrest. 2461 BARENDRECHT 13:14 Pas: 2779
21-05-2025;;6.13;BP BARENDRECHT BARENDRECHT 19:11 Pas: 2779
21-05-2025;;38.15;Shell Capelle a/d Ijss CAPELLE AAN 20:12 Pas: 2779
21-07-2025;7.32;;Jumbo Middelburg Vrij MIDDELBURG 14:03 Pas: 2779
21-07-2025;30.01;;Tamoil Rotterdam ROTTERDAM 10:41 Pas: 2779
21-07-2025;53.87;;TINQ CAPELLE AD IJSSEL CAPELLE AD Y 13:09 Pas: 2779
21-07-2025;;712.50;60010259 Knab betaalverzoek lureva 15x driving lessons van Mw IP Iureva
21-07-2025;722.50;;Rijschool Mado B.V. RD2025003
21-10-2025;46.29;;Tamoil Rotterdam ROTTERDAM 18:13 Pas: 2779
21-10-2025;95.00;;Bhattoe via Tikkie Pascale les
21-10-2025;680.00;;Rijschool Mado B.V. RD20250009
21-11-2025;270.00;;60010259 KNAB van N.V. Koen
21-11-2025;375.00;;60010259 KNAB wimpel Tvp examen 31 dec van A. Moonen eo R .J. Wimpel
21-11-2025;375.00;;60010259 KNAB zwijnenburg examen Tvp 23 decem van MMC S ecurity
22-04-2025;75.00;;Rijlescentrum/Mado Communicatie systeem motor
22-08-2025;;56.22;BCK*Shell Pijnacker PIJNACKER 16:23 Pas: 2779
22-09-2025;;2.95;bedrijfsrest. 2461 BARENDRECHT 14:43 Pas: 2779
22-09-2025;47.49;;Total Nn001462 Pto Rotterdam 16:59 Pas: 2779
22-09-2025;475.00;;60010259 Knab betaalverzoek 10x rijlessen van S. Singh
22-10-2025;2.00;;NYX*VendingWork Groningen 09:36 Pas: 2779 Aan dit overzicht kunnen geen rechten worden ontleend. Het overzicht is zorgvu
22-10-2025;2.00;;NYX*VendingWork Groningen 12:13 Pas: 2779
22-10-2025;375.00;;60010259 KNAB examen Tvp van AUTORIJSCHOOL TRS
22-12-2025;;3.15;BP Bolnes RIDDERKERK 14:22 Pas: 2779
22-12-2025;;3.15;BP Bolnes RIDDERKERK 14:43 Pas: 2779
22-12-2025;;51.77;Tango Capelle/IJ CAPELLE AAN 16:58 Pas: 2779
23-05-2025;35.01;;Tamoil Rotterdam ROTTERDAM 16:57 Pas: 2779
23-06-2025;;6.10;bedrijfsrest. 2461 BARENDRECHT 13:17 Pas: 2779
23-06-2025;30.05;;TINQ CAPELLE AD IJSSEL CAPELLE AD Y 11:31 Pas: 2779
23-07-2025;52.11;;TINQ CAPELLE AD IJSSEL CAPELLE AD Y 14:57 Pas: 2779
23-09-2025;;46.20;Tango Cap ad Yssel CAPELLE AAN 12:59 Pas: 2779
23-09-2025;800.00;;D. Ramasray
23-12-2025;2.00;;NYX*VendingWork Groningen 09:19 Pas: 2779
24-06-2025;;32.49;BP BARENDRECHT BARENDRECHT 13:54 Pas: 2779
24-07-2025;332.50;;60010259 Knab betaalverzoek 7x rijlessen van All The Way
24-09-2025;1.40;;NYX*VendingWork Groningen 09:42 Pas: 2779
24-09-2025;2.00;;NYX*VendingWork Groningen 09:42 Pas: 2779
24-09-2025;2.00;;NYX*VendingWork Groningen 12:09 Pas: 2779
24-11-2025;62.77;;De Haan Pijnacker PYNACKER 09:36 Pas: 2779
24-11-2025;125.00;;60010259 KNAB kabba 2x taxi rijles van M KABBA
24-12-2025;13.50;;Q-Park Coolsingel Rott Rotterdam 13:34 Pas: 2779
24-12-2025;25.40;;De Haan Pijnacker PYNACKER 21:49 Pas: 2779 Aan dit overzicht kunnen geen rechten worden ontleend. Het overzicht is zorgv
24-12-2025;545.00;;Ramasray via Tikkie Tripstr
25-06-2025;;20.40;BP BARENDRECHT BARENDRECHT 13:09 Pas: 2779 Aan dit overzicht kunnen geen rechten worden ontleend. Het overzicht is zorgv
25-08-2025;;2.95;bedrijfsrest. 2461 BARENDRECHT 11:48 Pas: 2779
25-08-2025;;8.10;BP BARENDRECHT BARENDRECHT 11:08 Pas: 2779
25-09-2025;2.00;;NYX*VendingWork Groningen 08:33 Pas: 2779
25-11-2025;1.00;;haan Pijnacker Pijnacker 09:19 Pas: 2779
25-11-2025;62.78;;De Haan Pijnacker PYNACKER 09:16 Pas: 2779
26-05-2025;;56.80;Tango Cap ad Yssel CAPELLE AAN 13:13 Pas: 2779
26-05-2025;;665.00;60010259 KNAB Betaalverzoek Julia lureva 14 x driving lessons van Mw IP Iureva, 51505164047X14f6
26-06-2025;30.00;;BCK*AVIA Capelle CAPELLE AAN 12:41 Pas: 2779
26-06-2025;156.09;;MUTO Media via Rabo Zakelijk Betaal MUTO Media:Factuur 20250359: MUTO Media
26-08-2025;2.77;;ALDI ZOE104 NIEUWERKER NIEUWERKERK 13:16 Pas: 2779
26-08-2025;2.90;;NYX*VendingWork Groningen 12:47 Pas: 2779
26-09-2025;25.00;;Berkman Schiedam SCHIEDAM 12:03 Pas: 2779
26-09-2025;;30.01;Tango Capelle/IJ CAPELLE AAN 16:46 Pas: 2779
27-05-2025;;2.95;bedrijfsrest. 2461 BARENDRECHT 14:12 Pas: 2779
27-08-2025;;10.40;BP BARENDRECHT BARENDRECHT 14:00 Pas: 2779
27-08-2025;50.76;;De Haan Pijnacker PYNACKER 09:36 Pas: 2779
27-10-2025;4.16;;ALDI ZOE104 NIEUWERKER NIEUWERKERK 13:05 Pas: 2779
27-10-2025;54.08;;BCK*AVIA Capelle CAPELLE AAN 12:12 Pas: 2779
27-11-2025;;30.39;Tango Cap ad Ijssel CAPELLE AAN 15:29 Pas: 2779
27-11-2025;150.00;;D. Ramasray
27-11-2025;300.00;;60010259 KNAB taxi lessen van Hr Z Abad
27-11-2025;338.70;;PAY.nl*Rijschool Mado CAPELLE AAN 15:56 Pas: 2779
27-11-2025;338.70;;PAY.nl*Rijschool Mado CAPELLE AAN 15:59 Pas: 2779
28-07-2025;;54.51;Tango Capelle/IJ CAPELLE AAN 10:34 Pas: 2779
28-08-2025;;25.72;Tango Capelle/IJ CAPELLE AAN 16:36 Pas: 2779
28-10-2025;;4.43;BCK*SHELL DIERENSTEINW BARENDRECHT 11:56 Pas: 2779
28-11-2025;3.50;;P-Shopping Center ROTTERDAM 20:20 Pas: 2779
28-11-2025;100.00;;D. Ramasray Aan dit overzicht kunnen geen rechten worden ontleend. Het overzicht is zorgvuldig samengesteld maar Knab st
29-08-2025;56.72;;Total Nn001462 Pto Rotterdam 11:48 Pas: 2779
29-09-2025;57.77;;TINQ CAPELLE AD IJSSEL CAPELLE AD Y 16:12 Pas: 2779
29-09-2025;363.00;;Belastingdienst 6146794897859002
29-12-2025;;3.35;BP Barendrecht BARENDRECHT 12:55 Pas: 2779
29-12-2025;;53.41;Tango Capelle/IJ CAPELLE AAN 13:20 Pas: 2779
30-05-2025;33.52;;BCK*AVIA Capelle CAPELLE AAN 14:55 Pas: 2779
30-06-2025;;6.10;bedrijfsrest. 2461 BARENDRECHT 10:00 Pas: 2779
30-06-2025;;29.87;Tango Cap ad Yssel CAPELLE AAN 09:59 Pas: 2779
30-06-2025;;30.01;Tango Capelle/IJ CAPELLE AAN 22:31 Pas: 2779
30-06-2025;33.03;;Total Nn001462 Pto Rotterdam 10:46 Pas: 2779
30-09-2025;;5.70;bedrijfsrest. 2461 BARENDRECHT 11:49 Pas: 2779 Aan dit overzicht kunnen geen rechten worden ontleend. Het overzicht is z
30-09-2025;;7.89;BCK*SHELL DIERENSTEINW BARENDRECHT 14:30 Pas: 2779
30-10-2025;3.50;;BCK*AVIACapelle Barist CAPELLE AAN 11:38 Pas: 2779
30-10-2025;54.06;;BCK*AVIA Capelle CAPELLE AAN 11:37 Pas: 2779
31-10-2025;338.70;;PAY.nl*Rijschool Mado CAPELLE AAN 10:19 Pas: 2779
31-12-2025;20.00;;ARGOS BARENDRECHT BARENDRECHT 13:03 Pas: 2779
31-12-2025;;33.07;BCK*Shell Pijnacker PIJNACKER 19:54 Pas: 2779
31-12-2025;250.00;;D. Ramasray
31-12-2025;537.50;;60010259 KNAB Wimpel 7x rijlessen Tvp lessen van Set Sani Co nsultancy
